name,place_id,address,description,type,rating,price_level,latitude,longitude,city,state,country
Waikiki Aquarium,ChIJd_4jim9yAHwRhxHp08RfZ10,"2777 Kalākaua Ave, Honolulu, HI 96815, USA","{'language': 'en', 'overview': 'Small aquarium featuring 3,000+ Hawaiian & tropical Pacific marine animals, plus multiple exhibits.'}",tourist_attraction,3.9,,21.2657981,-157.8216482,Honolulu,Hawaii,United States
Sea Life Park Hawaii,ChIJ4XS4tXwRAHwRAdy1mvCU710,"41-202 Kalanianaʻole Hwy, Waimanalo, HI 96795, USA","{'language': 'en', 'overview': 'Kid-friendly park dedicated to sea life offers penguins, sea lion shows & swimming with dolphins.'}",tourist_attraction,4.1,,21.31374,-157.663567,Waimanalo,Hawaii,United States
Kualoa Ranch,ChIJa22w1QFEAHwReP7oYVzQSv0,"Kaneohe, HI 96744, USA","{'language': 'en', 'overview': '4,000-acre nature retreat offering ATVs, a zip-line, beaches & tours of Hollywood film locations.'}",tourist_attraction,4.7,,21.5186627,-157.8533464,Kaneohe,Hawaii,United States
Bishop Museum,ChIJHagMfYhuAHwRycuWMqDnRrE,"1525 Bernice St, Honolulu, HI 96817, USA","{'language': 'en', 'overview': 'A planetarium, & a museum showcasing exhibits on Hawaiian & other Pacific Island cultures.'}",tourist_attraction,4.6,,21.3329195,-157.8706127,Honolulu,Hawaii,United States
Battleship Missouri Memorial,ChIJgS0W7YplAHwRgpewKEElecc,"63 Cowpens St, Honolulu, HI 96818, USA","{'language': 'en', 'overview': 'Storied battleship, site of the official Japanese surrender in WWII, hosting exhibits, tours & more.'}",tourist_attraction,4.8,,21.3621169,-157.9534244,Honolulu,Hawaii,United States
Paradise Cove Luau,ChIJBQMDNZZiAHwRU0TnV4RpMuU,"92-1089 Aliinui Dr, Kapolei, HI 96707, USA","{'language': 'en', 'overview': 'Seaside luau at Ko Olina Resort with Hawaiian fare & drinks, plus a show with hula & fire dancers.'}",tourist_attraction,4.5,4,21.3436568,-158.1275433,Kapolei,Hawaii,United States
Ulupō Heiau State Historic Site,ChIJYSeCy8gUAHwRKcN51J9xDE8,"Kailua, HI 96734, USA",,tourist_attraction,4.6,,21.3855711,-157.7529052,Kailua,Hawaii,United States
ʻAikahi Community Park,ChIJF-b2nCQVAHwRMkpFbejlGGM,"93 Kaneohe Bay Dr, Kailua, HI 96734, USA",,tourist_attraction,4.1,,21.426172,-157.7510501,Kailua,Hawaii,United States
Nuʻuanu Pali State Wayside,ChIJKwkeR2JrAHwRl5yyOrTacNE,"Honolulu, HI 96744, USA","{'language': 'en', 'overview': 'Exceedingly windy 1,186-ft.-high lookout offering a panoramic view of windward Oahu.'}",tourist_attraction,4.7,,21.3667755,-157.7931498,Honolulu,Hawaii,United States
Hoʻomaluhia Botanical Garden,ChIJbUDuMQtrAHwRKO8OUbujx38,"45-680 Luluku Rd, Kaneohe, HI 96744, USA","{'language': 'en', 'overview': '400 acres of tropical plants along with a man-made freshwater lake, hiking trails & camping.'}",tourist_attraction,4.7,,21.3866022,-157.804555,Kaneohe,Hawaii,United States
Moanalua Gardens,ChIJvZ-0_O9uAHwR7J3q-glBNbc,"2850-A Moanalua Rd, Honolulu, HI 96819, USA","{'language': 'en', 'overview': 'Peaceful 24-acre park known for an annual hula festival & rare plantings including monkeypod trees.'}",tourist_attraction,4.2,,21.3477748,-157.89305,Honolulu,Hawaii,United States
Diamond Head Beach Park,ChIJB54V4IpyAHwRt1UWl_B5dLQ,"3300 Diamond Head Rd, Honolulu, HI 96815, USA","{'language': 'en', 'overview': 'Formed from volcanic eruption, this landmark park rests in a crater & has stunning shoreline views.'}",tourist_attraction,4.6,,21.25494729999999,-157.807105,Honolulu,Hawaii,United States
Hanauma Bay Nature Preserve,ChIJa1lqg3ESAHwRNzWlgOmKw4g,"100 Hanauma Bay Rd, Honolulu, HI 96825, USA","{'language': 'en', 'overview': 'Known for it’s snorkeling, this beachfront protected park offers a coral reef & diverse marine life.'}",tourist_attraction,4.6,,21.2688327,-157.6931641,Honolulu,Hawaii,United States
Diamond Head State Monument,ChIJmSAXAYlyAHwRUuIwMlELnkI,"Honolulu, HI 96815, USA","{'language': 'en', 'overview': 'A trail leads visitors to the summit of this volcanic tuff cone & former fort with panoramic views.'}",tourist_attraction,4.7,,21.2637984,-157.8040943,Honolulu,Hawaii,United States
St. Augustine by the Sea,ChIJtQw8NndyAHwRIeRMvKC6Ivc,"130 ʻŌhua Ave, Honolulu, HI 96815, USA","{'language': 'en', 'overview': 'Large Catholic church with unique mid-century modern architecture & weekly mass.'}",tourist_attraction,4.8,,21.2736795,-157.8230905,Honolulu,Hawaii,United States
Iolani Palace,ChIJq0y-NHVuAHwRF-EDUxSGsmg,"364 S King St, Honolulu, HI 96813, USA","{'language': 'en', 'overview': 'Opulent 19th-century home of Hawaii’s last monarchs operating as a museum with tours & exhibits.'}",tourist_attraction,4.6,,21.3067572,-157.8587697,Honolulu,Hawaii,United States
Royal Hawaiian Golf Club,ChIJCeK1lExrAHwRTUYOkr1FUCk,"770 Auloa Rd, Kailua, HI 96734, USA","{'language': 'en', 'overview': 'Par-72 18-hole golf course & a 45,000-sq.-ft. clubhouse in a verdant tropical setting.'}",tourist_attraction,4.2,,21.3577021,-157.7592461,Kailua,Hawaii,United States
Ko Olina Beach Park,ChIJKWswfrZiAHwRG_1zfCvG9no,"92-100 Waipahe Pl, Kapolei, HI 96707, USA","{'language': 'en', 'overview': 'Small public lagoon inside the Ko Olina resort, with a white-sand beach, green lawn & shallow water.'}",tourist_attraction,4.7,,21.3258911,-158.1223699,Kapolei,Hawaii,United States
Kailua Beach Park,ChIJ3Sdhx_wUAHwR4PwW3S4mbjc,"526 Kawailoa Rd, Kailua, HI 96734, USA","{'language': 'en', 'overview': 'Clear water, fine sand & accessible facilities make this a popular spot for aquatic activities.'}",tourist_attraction,4.8,,21.397396,-157.7272179,Kailua,Hawaii,United States
"Shangri La Museum of Islamic Art, Culture & Design",ChIJ9_-ySZJyAHwRfog-IMQe70w,"4055 Pāpū Cir, Honolulu, HI 96816, USA","{'language': 'en', 'overview': ""Heiress Doris Duke's dramatic estate serves as a gallery for her acclaimed Islamic art collection.""}",tourist_attraction,4.6,,21.2570987,-157.7949963,Honolulu,Hawaii,United States
Pacific Fleet Submarine Museum,ChIJ_6JQCUNvAHwR0H1cltH9_OQ,"11 Arizona Memorial Dr, Honolulu, HI 96818, USA","{'language': 'en', 'overview': 'Historical artifacts from WWII & an exhibit on naval ships presented in this wartime submarine.'}",tourist_attraction,4.8,,21.3687502,-157.9395017,Honolulu,Hawaii,United States
Koko Crater Botanical Garden,ChIJ6ZJvET4SAHwROJR-9Cjqj98,"7491 Kokonani St, Honolulu, HI 96825, USA","{'language': 'en', 'overview': 'This 200-acre crater with lake & beach is planted with 60 acres of blooming plants, cacti & foliage.'}",tourist_attraction,4.6,,21.2929875,-157.6782264,Honolulu,Hawaii,United States
Makaha Beach Park,ChIJSfs9enGLAHwRr4E71Z7Zs5A,"84-369 Farrington Hwy, Waianae, HI 96792, USA","{'language': 'en', 'overview': 'Low-key white-sand beach popular among locals also attracts surfers in the winter.'}",tourist_attraction,4.7,,21.4763581,-158.2203658,Waianae,Hawaii,United States
Keaīwa Heiau State Recreation Area,ChIJR4Wq6yJpAHwRLZ1fApycdGc,"99-1849 Aiea Heights Dr, Aiea, HI 96701, USA","{'language': 'en', 'overview': 'This hiking & picnic area above Pearl Harbor features temple ruins & a panoramic, forested trail.'}",tourist_attraction,4.6,,21.3966027,-157.9051517,Aiea,Hawaii,United States
Waiʻalae Beach Park,ChIJlxgf5KZyAHwR9z1PAhTPcYQ,"4925 Kahala Ave, Honolulu, HI 96816, USA","{'language': 'en', 'overview': 'Oceanfront park offering a pristine setting for sun, picnics & water activities.'}",tourist_attraction,4.5,,21.2696691,-157.7776375,Honolulu,Hawaii,United States
Patsy T. Mink Central Oʻahu Regional Park,ChIJqxIinYxmAHwRzAflIspbFyE,"94-801 Kamehameha Hwy, Waipahu, HI 96797, USA","{'language': 'en', 'overview': 'Vast park with a tennis & aquatic center, baseball diamonds, archery range & other athletic fields.'}",tourist_attraction,4.5,,21.4159484,-158.0075087,Waipahu,Hawaii,United States
Children's Discovery Center,ChIJA9wzZQZuAHwRObyotfJ1on4,"111 Ohe St, Honolulu, HI 96813, USA","{'language': 'en', 'overview': 'Exploration center where kids play, dress up as different professions & learn about other cultures.'}",tourist_attraction,4.6,,21.293642,-157.862042,Honolulu,Hawaii,United States
Tropical Farms Macadamia Nuts,ChIJp-47hnlBAHwR00qpzMg5wZk,"49-227 Kamehameha Hwy # A, Kaneohe, HI 96744, USA","{'language': 'en', 'overview': 'Store that began as a roadside vendor, selling macadamia nuts, coffees, chocolates & gift baskets.'}",tourist_attraction,4.5,,21.510473,-157.851404,Kaneohe,Hawaii,United States
Queen Emma Summer Palace,ChIJAd2HzTBsAHwR_cuY3Wjrj74,"2913 Pali Hwy, Honolulu, HI 96817, USA","{'language': 'en', 'overview': 'Once the summer palace for Queen Emma & family, this 19th-century home is now a museum with tours.'}",tourist_attraction,4.6,,21.3360577,-157.8391509,Honolulu,Hawaii,United States
Koko Head District Park,ChIJBXPhXBMSAHwR5kcexhRrMio,"423 Kaumakani St, Honolulu, HI 96825, USA","{'language': 'en', 'overview': 'Sprawling collection of sports fields, gardens, picnic areas & stairs climbing a volcanic crater.'}",tourist_attraction,4.7,,21.2774105,-157.6942131,Honolulu,Hawaii,United States
Kahanamoku Beach,ChIJI2Ns-fVtAHwRKwpogcmRnvQ,"Honolulu, HI 96815, USA","{'language': 'en', 'overview': 'This sandy, curved beach offers swimming, surfing, paddle-boarding & sunning.'}",tourist_attraction,4.6,,21.2815067,-157.8391407,Honolulu,Hawaii,United States
Kahe Point Beach Park,ChIJJwBFZZBiAHwRmcSsGTlBoP8,"92-301 Farrington Hwy, Kapolei, HI 96707, USA","{'language': 'en', 'overview': 'Warm water from a nearby power plant draws sea life & snorklers to this narrow public beach.'}",tourist_attraction,4.5,,21.3530895,-158.1304156,Kapolei,Hawaii,United States
Honolulu City Hall,ChIJ_wTjj3RuAHwRcz6ZUWAps7s,"530 S King St, Honolulu, HI 96813, USA","{'language': 'en', 'overview': ""Large government building serving as the official site of the mayor's office & the city council.""}",tourist_attraction,4.4,,21.305114,-157.8572734,Honolulu,Hawaii,United States
KCC Farmers’ Market,ChIJZ7mSe4NyAHwRdllrFpUQ1fA,"Parking Lot C, 4303 Diamond Head Rd, Honolulu, HI 96816, USA","{'language': 'en', 'overview': ""Farmers' market bringing together produce, flowers & local food vendors on Saturdays.""}",tourist_attraction,4.4,3,21.2690409,-157.8011919,Honolulu,Hawaii,United States
Waimānalo Country Farms,ChIJVdWsZb0TAHwR0tPBlM3x0Ao,"41-225 Lupe St, Waimanalo, HI 96795, USA",,tourist_attraction,4.5,,21.3265851,-157.7016103,Waimanalo,Hawaii,United States
Hawaiian Mission Houses Historic Site and Archives,ChIJQdGSKeBtAHwR_u8RfJpnTUM,"553 S King St, Honolulu, HI 96813, USA","{'language': 'en', 'overview': 'Complex with restored homes & workplaces of 19th-century Christian missionaries & a visitor center.'}",tourist_attraction,4.8,,21.3040406,-157.8569992,Honolulu,Hawaii,United States
Foster Botanical Garden,ChIJB2nvwHduAHwRape2OHZ-iOU,"50 N Vineyard Blvd, Honolulu, HI 96817, USA","{'language': 'en', 'overview': '14-acre garden offering a unique & tranquil space for tropical plants, orchids & cycads since 1853.'}",tourist_attraction,4.6,,21.3168139,-157.8590314,Honolulu,Hawaii,United States
Waimea Bay Beach Park,ChIJWxGygpBZAHwRIoCfaM7C9zk,"610031 Kamehameha Hwy, Haleiwa, HI 96712, USA","{'language': 'en', 'overview': 'Popular park to spot dolphins & turtles, along with big waves in winter & calm surf in summer.'}",tourist_attraction,4.8,,21.6398273,-158.0633594,Haleiwa,Hawaii,United States
Honolulu Marathon Association,ChIJhQMz0HttAHwRpjlq0gvww1k,"3435 Waialae Ave STE 208, Honolulu, HI 96816, USA",,tourist_attraction,4.4,,21.2843227,-157.8026227,Honolulu,Hawaii,United States
Honolulu Zoo,ChIJM79rmXByAHwROmF-D8j-HuY,"151 Kapahulu Ave, Honolulu, HI 96815, USA","{'language': 'en', 'overview': 'Popular spot for families spanning 42 acres with lush gardens & over 900 animals.'}",tourist_attraction,4.2,,21.2710896,-157.8214785,Honolulu,Hawaii,United States
Salt Lake District Park,ChIJhya0rB5vAHwRU3pX2myqeyY,"1159 Ala Lilikoi Pl, Honolulu, HI 96818, USA",,tourist_attraction,4.4,,21.3532359,-157.9104843,Honolulu,Hawaii,United States
Lyon Arboretum,ChIJx8WlnvBsAHwRa65fSL86AWo,"3860 Manoa Rd, Honolulu, HI 96822, USA","{'language': 'en', 'overview': '194-acre tropical rainforest features 5,000 exotic plants, singing birds & a self-guided hike.'}",tourist_attraction,4.7,,21.332971,-157.801539,Honolulu,Hawaii,United States
Lāʻie Point State Wayside,ChIJvWfiinxFAHwRUJOQj-Jg2Jk,"End of Naupaka Street, HI-83, Laie, HI 96762, USA","{'language': 'en', 'overview': 'Picturesque point with sprawling views of the ocean as well as a unique sea arch on offshore island.'}",tourist_attraction,4.8,,21.6484801,-157.9144369,Laie,Hawaii,United States
Manoa Valley District Park,ChIJS0x9nwdtAHwRu5PeahJk96Q,"2721 Kaaipu Ave, Honolulu, HI 96822, USA",,tourist_attraction,4.5,,21.3145454,-157.8083048,Honolulu,Hawaii,United States
Kalama Beach Park,ChIJFb6kQyAVAHwRuLyIoDLlR-E,"248 N Kalaheo Ave, Kailua, HI 96734, USA","{'language': 'en', 'overview': 'Broad beach with mountain views on 4 acres with facilities, an outdoor shower & a shaded grassy area'}",tourist_attraction,4.7,,21.4046213,-157.7397308,Kailua,Hawaii,United States
Gunstock Ranch,ChIJ96PZDBFFAHwRRoNp3J84Lmg,"56-250 Kamehameha Hwy, Kahuku, HI 96731, USA",,tourist_attraction,4.8,,21.6617983,-157.9348318,Kahuku,Hawaii,United States
Capitol Modern,ChIJ1dyRbHVuAHwRg51MUZG87sk,"250 South Hotel St Second Floor, 250 S Hotel St #5, Honolulu, HI 96813, USA","{'language': 'en', 'overview': 'Historic hotel space with multiple galleries featuring artistic visions of Hawaii by Hawaiians.'}",tourist_attraction,4.5,,21.3088373,-157.858341,Honolulu,Hawaii,United States
Waimānalo Beach Park,ChIJzVr865YTAHwR0HKu91eVw9A,"41-741 Kalanianaʻole Hwy, Waimanalo, HI 96795, USA","{'language': 'en', 'overview': 'Windward campground on a quiet 3-mile beach with 10 campsites & 3 baseball fields.'}",tourist_attraction,4.7,,21.3321621,-157.6956381,Waimanalo,Hawaii,United States
Pearl Harbor Aviation Museum,ChIJ58iifI5lAHwRpFC2DVC0_mg,"319 Lexington Blvd, Honolulu, HI 96818, USA","{'language': 'en', 'overview': 'WWII-focused museum presenting historical aircraft, exhibits & even a simulated flight experience.'}",tourist_attraction,4.6,,21.3597342,-157.961841,Honolulu,Hawaii,United States
Ahupuaʻa ʻO Kahana State Park,ChIJxwhsO8BDAHwR3FsMgYWUZuQ,"52-222 Kamehameha Hwy, Kaaawa, HI 96730, USA","{'language': 'en', 'overview': 'Sprawling park with miles of rain forest trails, a coconut grove, swimming & oceanside campsites.'}",tourist_attraction,4.7,,21.5559903,-157.8763274,Kaaawa,Hawaii,United States
Halona Blowhole Lookout,ChIJeUx6uiISAHwRYMoZpPN-lys,"8483 HI-72, Honolulu, HI 96825, USA","{'language': 'en', 'overview': 'From this lookout, visitors can see ocean water shoot 30 feet into the air from a lava tube.'}",tourist_attraction,4.7,,21.2823969,-157.67703,Honolulu,Hawaii,United States
Mokulēʻia Beach Park,ChIJ56lP6DT0AHwRJoUXOhi2yjg,"8568 Farrington Hwy, Waialua, HI 96791, USA","{'language': 'en', 'overview': 'Small oceanfront park with picnic benches, showers & views of kite surfers & airplane traffic.'}",tourist_attraction,4.6,,21.581402,-158.1923712,Waialua,Hawaii,United States
Mu-Ryang-Sa Korean Buddhist Temple,ChIJI6jRAz1tAHwRxJojyagBitI,"2420 Halelaau Pl, Honolulu, HI 96816, USA",,tourist_attraction,4.8,,21.3050335,-157.7826759,Honolulu,Hawaii,United States
Pōkaʻī Bay Beach Park,ChIJF8-XkEqKAHwRoXsYjRoeP1c,"960 Bayview St #85, Waianae, HI 96792, USA","{'language': 'en', 'overview': 'Calm swimming beach protected by a breakwater, popular among families & beginning surfers.'}",tourist_attraction,4.5,,21.443029,-158.188788,Waianae,Hawaii,United States
Keʻehi Lagoon Beach Park,ChIJ3_mrhFZuAHwRDS-Xa_gkESY,"465 Lagoon Dr, Honolulu, HI 96819, USA","{'language': 'en', 'overview': 'Popular with paddlers, this waterside park features tennis courts, an open field & a playground.'}",tourist_attraction,4.0,,21.3319238,-157.8970574,Honolulu,Hawaii,United States
Gone Surfing Hawaii,ChIJs1rivIptAHwRGrugVdhhK2c,"2169 Kālia Rd Ste 102, Honolulu, HI 96815, USA",,tourist_attraction,5.0,,21.2777193,-157.8332707,Honolulu,Hawaii,United States
Dolphin Quest,ChIJBVRO-6dyAHwRPDp3lwHLgLw,"5000 Kahala Ave, Honolulu, HI 96816, USA","{'language': 'en', 'overview': 'Interactive dolphin experiences including swimming, feeding & petting in an enclosed lagoon.'}",tourist_attraction,4.5,,21.271999,-157.773445,Honolulu,Hawaii,United States
King Kamehameha V Judiciary History Center,ChIJRVxM3gpuAHwRrlQpkK3ofC0,"417 S King St, Honolulu, HI 96813, USA",,tourist_attraction,4.7,,21.3054007,-157.8599058,Honolulu,Hawaii,United States
Kapiʻolani Regional Park,ChIJD631x3pyAHwR4CaPouCW35Q,"3840 Paki Ave, Honolulu, HI 96815, USA","{'language': 'en', 'overview': 'A public, oceanfront park with volcano views, a beach, volleyball, picnicking & canoeing.'}",tourist_attraction,4.6,,21.2667349,-157.8187536,Honolulu,Hawaii,United States
Makiki District Park,ChIJ7dy5K8BtAHwRJhjzuHuAeSo,"1527 Ke’eaumoku St, Honolulu, HI 96822, USA","{'language': 'en', 'overview': 'Public park that offers open green space, community gardens, sports fields & an outdoor pool.'}",tourist_attraction,4.2,,21.3037912,-157.8358876,Honolulu,Hawaii,United States
The Veranda,ChIJBVRO-6dyAHwRuym4p38WcAw,"5000 Kahala Ave, Honolulu, HI 96816, USA","{'language': 'en', 'overview': 'Amenities-packed oceanfront retreat offering luxury rooms & suites, dining & dolphin encounters.'}",restaurant,4.6,3,21.271847,-157.773651,Honolulu,Hawaii,United States
Roy's Waikiki,ChIJx9yme3VyAHwRvSmxR96Ys3U,"226 Lewers St, Honolulu, HI 96815, USA","{'language': 'en', 'overview': ""High-end chain serving notable chef Roy Yamaguchi's Hawaiian fusion fare in a contemporary setting.""}",restaurant,4.5,3,21.278664,-157.8316081,Honolulu,Hawaii,United States
Duke's Waikiki,ChIJy0PC1XVyAHwR8cngoeHh_v8,"2335 Kalākaua Ave #116, Honolulu, HI 96815, USA","{'language': 'en', 'overview': ""Popular option known for its beachfront location, surf 'n' turf, tiki vibe & umbrella drinks.""}",restaurant,4.4,2,21.2769032,-157.8278887,Honolulu,Hawaii,United States
Subway,ChIJI7ByhGBtAHwR085POidOuwM,"4211 Waialae Ave Kahala Mall #A-7, Honolulu, HI 96816, USA","{'language': 'en', 'overview': 'Casual counter-serve chain for build-your-own sandwiches & salads, with health-conscious options.'}",restaurant,3.9,1,21.27709249999999,-157.7863744,Honolulu,Hawaii,United States
The Cheesecake Factory,ChIJpUw6wnVyAHwRUYU-wF5il_M,"2301 Kalākaua Ave, Honolulu, HI 96815, USA","{'language': 'en', 'overview': 'American chain restaurant offering sizable portions from a vast menu including signature cheesecake'}",restaurant,4.3,2,21.2775667,-157.827782,Honolulu,Hawaii,United States
The Original Roy's in Hawaii Kai,ChIJvQqjfIoSAHwRbVbuagjtKSE,"6600 Kalanianaʻole Hwy Suite 110, Honolulu, HI 96825, USA","{'language': 'en', 'overview': ""High-end chain serving chef Roy Yamaguchi's Hawaiian fusion fare in a contemporary setting.""}",restaurant,4.6,4,21.2832851,-157.7143291,Honolulu,Hawaii,United States
Teddy's Bigger Burgers,ChIJ58CUmHByAHwRQ4EXa1eulbs,"134 Kapahulu Ave, Honolulu, HI 96815, USA","{'language': 'en', 'overview': 'Colorful Hawaii-based fast-food chain serving creative burgers, plus sandwiches, fries & ice cream.'}",restaurant,4.2,2,21.2717735,-157.821813,Honolulu,Hawaii,United States
Yard House,ChIJx9yme3VyAHwRe_ohxznO4aQ,"226 Lewers St, Honolulu, HI 96815, USA","{'language': 'en', 'overview': 'High-end sports-bar chain with a huge menu of New American fare & an extensive list of draft beers.'}",restaurant,4.4,2,21.279084,-157.831264,Honolulu,Hawaii,United States
Paradise Cove Luau,ChIJBQMDNZZiAHwRU0TnV4RpMuU,"92-1089 Aliinui Dr, Kapolei, HI 96707, USA","{'language': 'en', 'overview': 'Seaside luau at Ko Olina Resort with Hawaiian fare & drinks, plus a show with hula & fire dancers.'}",restaurant,4.5,4,21.3436568,-158.1275433,Kapolei,Hawaii,United States
Hard Rock Cafe,ChIJjZZUhIptAHwRe6LV41_xgc4,"280 Beach Walk, Honolulu, HI 96815, USA","{'language': 'en', 'overview': 'Rock ’n’ roll-themed chain with a high-energy vibe serving burgers & American classics.'}",restaurant,4.3,2,21.2809413,-157.8307348,Honolulu,Hawaii,United States
Lahaina Chicken Company,ChIJcWKjRfBtAHwR_y4VQofou6s,"1450 Ala Moana Blvd, Honolulu, HI 96814, USA","{'language': 'en', 'overview': 'Chicken, ribs & roast beef carved to order at a food court stand inside Ala Moana Center.'}",restaurant,4.3,,21.2910179,-157.8440762,Honolulu,Hawaii,United States
Café Kaila,ChIJkSpbpoRtAHwR1gzsucXKEb8,"2919 Kapiolani Blvd, Honolulu, HI 96816, USA","{'language': 'en', 'overview': 'Casual coffeehouse serves hearty breakfast favorites such as French toast & breakfast quesadillas.'}",restaurant,4.6,2,21.2881538,-157.815062,Honolulu,Hawaii,United States
Kozo Sushi,ChIJI7ByhGBtAHwR_w53Scf-oa0,"4618 Kilauea Ave, Honolulu, HI 96816, USA","{'language': 'en', 'overview': 'Japanese take-out spot serving a variety of sushi rolls, plus bento & udon options.'}",restaurant,4.0,1,21.275373,-157.7858983,Honolulu,Hawaii,United States
Carousel Candyland Inc,ChIJI7ByhGBtAHwR-vOCHxG62Uo,"4211 Waialae Ave, Honolulu, HI 96816, USA",,restaurant,4.5,,21.2772361,-157.7867273,Honolulu,Hawaii,United States
Pagoda Restaurant & Catering,ChIJswzvZu5tAHwRqbkcuoraFHo,"1574 Kanunu St, Honolulu, HI 96814, USA","{'language': 'en', 'overview': 'Hawaiian-Asian buffet at Pagoda Hotel amid koi ponds, landscaped gardens & tea houses.'}",restaurant,3.9,2,21.2950683,-157.8399157,Honolulu,Hawaii,United States
Steak & Fish Company,ChIJcWKjRfBtAHwRvhD_R4odTi0,"1450 Ala Moana Blvd #1160x, Honolulu, HI 96814, USA","{'language': 'en', 'overview': 'Food court option at Ala Moana Center offering hearty American meat & seafood dishes & sides.'}",restaurant,4.2,,21.2905467,-157.8439553,Honolulu,Hawaii,United States
Sbarro,ChIJcWKjRfBtAHwR0WBn_yS6Gig,"1450 Ala Moana Blvd, Honolulu, HI 96814, USA","{'language': 'en', 'overview': 'Italian fast-food chain offering thin-crust pizza by the slice, plus pastas & salads.'}",restaurant,3.4,1,21.290976,-157.844158,Honolulu,Hawaii,United States
Charleys Cheesesteaks,ChIJcWKjRfBtAHwRlNdgoaGBIg8,"1450 Ala Moana Blvd # 1160R, Honolulu, HI 96814, USA","{'language': 'en', 'overview': 'Counter-service chain offering a range of Philly-style cheesesteaks, loaded fries & lemonades.'}",restaurant,3.9,1,21.2909687,-157.8444079,Honolulu,Hawaii,United States
Gyu-Kaku,ChIJYWVYaflqAHwRX754FTHoJ2c,"46-056 Kamehameha Hwy Unit F-1, Kaneohe, HI 96744, USA",,restaurant,4.3,2,21.4195263,-157.8048803,Kaneohe,Hawaii,United States
Hau Tree,ChIJY0Z_YG9yAHwRBqwdAqTNOxw,"Lobby floor of the Kaimana Beach Hotel, 2863 Kalākaua Ave, Honolulu, HI 96815, USA","{'language': 'en', 'overview': 'Seaside eatery doling out creative Pacific Rim fare & brunch at the New Otani Kaimana Beach Hotel.'}",restaurant,4.3,3,21.26336109999999,-157.821257,Honolulu,Hawaii,United States
Liliha Bakery,ChIJQ9anT39uAHwR3nYOPjeqsF8,"515 N Kuakini St, Honolulu, HI 96817, USA","{'language': 'en', 'overview': 'Bakery & diner since 1950, popular for its breakfasts, comfort food & coco puffs.'}",restaurant,4.6,2,21.3240097,-157.8579347,Honolulu,Hawaii,United States
Alan Wong's Honolulu,ChIJd6nRF5NtAHwRpwT4MbZic1c,"1857 S King St, Honolulu, HI 96826, USA","{'language': 'en', 'overview': 'Famed chef Alan Wong presents his innovative, colorful Hawaiian fare in an upscale, 3rd-floor space.'}",restaurant,4.5,4,21.2951573,-157.831757,Honolulu,Hawaii,United States
Maruki Tei,ChIJo8VKqPlqAHwRJOKnHIImu2Q,"46-056 Kamehameha Hwy, Kaneohe, HI 96744, USA",,restaurant,4.2,,21.420287,-157.8053338,Kaneohe,Hawaii,United States
Hokkaido Ramen Santouka,ChIJswak5O1tAHwRybB_xh3EtLw,"801 Kaheka St A-8, Honolulu, HI 96814, USA",,restaurant,4.5,2,21.2933261,-157.8389149,Honolulu,Hawaii,United States
Eggs 'n Things Saratoga,ChIJnS1dUfNtAHwRc3sZ4YzEfHQ,"343 Saratoga Rd, Honolulu, HI 96815, USA","{'language': 'en', 'overview': 'Casual eatery with traditional breakfast/brunch staples featuring area-sourced ingredients & syrups.'}",restaurant,4.2,2,21.2812644,-157.8311913,Honolulu,Hawaii,United States
McDonald's,ChIJK6v1W2cSAHwRWCMCaaEleH4,"377 Keahole St, Honolulu, HI 96825, USA","{'language': 'en', 'overview': 'Classic, long-running fast-food chain known for its burgers & fries.'}",restaurant,3.8,1,21.285241,-157.7080782,Honolulu,Hawaii,United States
Romano's Macaroni Grill,ChIJ_3gHUgluAHwRwjOIMSWynMs,"1450 Ala Moana Blvd Suite 4240, Honolulu, HI 96814, USA","{'language': 'en', 'overview': 'Lively Italian chain with an open kitchen, known for small plates, pizzas, pastas & wine.'}",restaurant,4.1,2,21.291088,-157.8426,Honolulu,Hawaii,United States
Rainbow Drive-In,ChIJSanEMX9yAHwRYb7nn-OlbbU,"3308 Kanaina Ave, Honolulu, HI 96815, USA","{'language': 'en', 'overview': 'Iconic counter-serve spot for Hawaiian plate lunches features BBQ, mahi mahi, chili dogs & more.'}",restaurant,4.3,1,21.2759374,-157.8145604,Honolulu,Hawaii,United States
Subway,ChIJSXCWnHRuAHwRJFQTcWT8Ybw,"900 Fort Street Mall Suite 101, Honolulu, HI 96813, USA","{'language': 'en', 'overview': 'Casual counter-serve chain for build-your-own sandwiches & salads, with health-conscious options.'}",restaurant,4.4,1,21.3092445,-157.8626969,Honolulu,Hawaii,United States
Hula Grill Waikiki,ChIJy0PC1XVyAHwRiEVSNmZ9_Qs,"2335 Kalākaua Ave, Honolulu, HI 96815, USA","{'language': 'en', 'overview': 'Relaxed beachside venue serving pupu, fish tacos & tropical drinks, plus weekend brunch.'}",restaurant,4.4,3,21.2771844,-157.8275909,Honolulu,Hawaii,United States
Buffalo Wild Wings,ChIJ0YqIpwxmAHwRTmUqRvEbyQE,"1000 Kamehameha Hwy #227-228, Pearl City, HI 96782, USA","{'language': 'en', 'overview': 'Chain dishing up wings, tenders & burgers, plus sauces ranging from sweet to very spicy.'}",restaurant,3.5,2,21.396363,-157.9761642,Pearl City,Hawaii,United States
Aja Sushi & Bento,ChIJFRewRfBtAHwRhyiPVHIzTkY,"1450 Ala Moana Blvd # 1101, Honolulu, HI 96814, USA",,restaurant,3.5,,21.2903631,-157.8437809,Honolulu,Hawaii,United States
Haleiwa Joe's Haiku Gardens,ChIJK3Frma1rAHwR14f_NgsLLCs,"46-336 Haiku Rd, Kaneohe, HI 96744, USA","{'language': 'en', 'overview': 'Seafood specials, prime rib & jumbo mai tais in a polished, breezy space where sandy feet are okay.'}",restaurant,4.6,3,21.4144058,-157.8154449,Kaneohe,Hawaii,United States
Arancino di Mare,ChIJeRjBxXByAHwRs32Yco8x6h4,"2552 Kalākaua Ave, Honolulu, HI 96815, USA","{'language': 'en', 'overview': 'Creative, elevated Italian dishes served in a polished restaurant that has a robust wine list.'}",restaurant,4.3,3,21.2733238,-157.823117,Honolulu,Hawaii,United States
Tikis Grill & Bar,ChIJpeekwXByAHwRmkqRkpULgRM,"2570 Kalākaua Ave, Honolulu, HI 96815, USA","{'language': 'en', 'overview': ""Aston Waikiki Beach Hotel's festive, oceanside spot for Hawaiian fare, cocktails & live music.""}",restaurant,4.3,2,21.27243859999999,-157.822561,Honolulu,Hawaii,United States
Helena's Hawaiian Food,ChIJ-aNpcIduAHwRlVpxYVxnvxs,"1240 N School St, Honolulu, HI 96817, USA","{'language': 'en', 'overview': 'Simple restaurant specializing in local classics such as kalua pork, lomi salmon, and ribs.'}",restaurant,4.5,2,21.3309209,-157.8650888,Honolulu,Hawaii,United States
Charleys Philly Steaks,ChIJU8SzV01vAHwR8iv59yG8PJo,"98-1005 Moanalua Rd Spc 142A, Aiea, HI 96701, USA","{'language': 'en', 'overview': 'Counter-service chain offering a range of Philly-style cheesesteaks, loaded fries & lemonades.'}",restaurant,3.9,1,21.385265,-157.9416348,Aiea,Hawaii,United States
Subway,ChIJ8bAzqwVvAHwRbPnwBCaUhRU,"848 Ala Lilikoi St, Honolulu, HI 96818, USA","{'language': 'en', 'overview': 'Casual counter-serve chain for build-your-own sandwiches & salads, with health-conscious options.'}",restaurant,3.4,1,21.3448693,-157.9138863,Honolulu,Hawaii,United States
Kona Brewing Hawaii Kai,ChIJYZ4srGUSAHwRrB_zomMbSF4,"7192 Kalanianaʻole Hwy Bldg I, Honolulu, HI 96825, USA","{'language': 'en', 'overview': 'Chill spot for burgers, pizza & more features beer brewed in-house & a lanai with tiki torches.'}",restaurant,4.5,2,21.2786351,-157.704922,Honolulu,Hawaii,United States
DK Restaurants,ChIJ_3gHUgluAHwRmeiHT2gWoPo,"500 Ala Moana Blvd #6D1, Honolulu, HI 96813, USA",,restaurant,4.3,,21.3006902,-157.8622752,Honolulu,Hawaii,United States
Chuck E. Cheese,ChIJ96heOAlmAHwR6aPV12NwGG0,"850 Kamehameha Hwy Ste. 140, Pearl City, HI 96782, USA","{'language': 'en', 'overview': 'Kid-friendly chain known for its arcade games, pizza parties & play zones.'}",restaurant,4.4,2,21.3942809,-157.9689213,Pearl City,Hawaii,United States
Pai's Deli,ChIJy0PC1XVyAHwROzYlciH5Ij0,"2335 Kalākaua Ave # 113, Honolulu, HI 96815, USA",,restaurant,4.7,1,21.2771844,-157.8275909,Honolulu,Hawaii,United States
Sansei Seafood Restaurant & Sushi Bar,ChIJeRjBxXByAHwRKszR5Ib3vg4,"2552 Kalākaua Ave, Honolulu, HI 96815, USA","{'language': 'en', 'overview': 'Vibrant, trendy eatery featuring Japanese-Pacific Rim fare, creative sushi rolls & weekend karaoke.'}",restaurant,4.2,2,21.272916,-157.8230979,Honolulu,Hawaii,United States
Lulu's Waikiki,ChIJ0zgno3ByAHwRTctl9GVdzCE,"2586 Kalākaua Ave, Honolulu, HI 96815, USA","{'language': 'en', 'overview': 'The breezy open-air vibe at this eatery creates a welcoming scene for American grub & drinks.'}",restaurant,4.2,2,21.2717801,-157.8226526,Honolulu,Hawaii,United States
Side Street Inn,ChIJQ1EsJeVtAHwRxk_ni6BJd8Y,"1225 Hopaka St, Honolulu, HI 96814, USA","{'language': 'en', 'overview': 'Casual hangout with a buzzy atmosphere offering American comfort food standards.'}",restaurant,4.5,2,21.2943452,-157.8474823,Honolulu,Hawaii,United States
Aloha Bistro,ChIJ2bEJ13dyAHwRpczC9QfSAC4,"444 Kānekapōlei St, Honolulu, HI 96815, USA",,restaurant,2.9,,21.2789261,-157.8236021,Honolulu,Hawaii,United States
Cheeseburger In Paradise,ChIJzV74MXdyAHwR4UJpdpOg2FI,"2500 Kalākaua Ave, Honolulu, HI 96815, USA","{'language': 'en', 'overview': 'Lively outpost with tiki-hut decor serving burgers, American standards & tropical drinks.'}",restaurant,4.2,2,21.273909,-157.8237755,Honolulu,Hawaii,United States
Hoku's Kahala,ChIJBVRO-6dyAHwRncV42hYDIK8,"5000 Kahala Ave, Honolulu, HI 96816, USA","{'language': 'en', 'overview': 'Sophisticated Pacific Rim fare served beachside at the Kahala Hotel, plus a lavish Sunday brunch.'}",restaurant,4.5,3,21.2715271,-157.7739621,Honolulu,Hawaii,United States
Ruth's Chris Steak House,ChIJ_3gHUgluAHwRZXdVjUf2h1s,"Waterfront Plaza, 500 Ala Moana Blvd, Honolulu, HI 96813, USA","{'language': 'en', 'overview': 'Outpost of upmarket steakhouse chain known for sizzling, butter-topped beef in an elegant setting'}",restaurant,4.6,4,21.3005092,-157.862346,Honolulu,Hawaii,United States
Subway,ChIJyZjvXq4SAHwRt1lQeOJQem8,"820-850 W Hind Dr #105, Honolulu, HI 96821, USA","{'language': 'en', 'overview': 'Casual counter-serve chain for build-your-own sandwiches & salads, with health-conscious options.'}",restaurant,3.8,1,21.2790904,-157.7541246,Honolulu,Hawaii,United States
Marugame Udon,ChIJrRngH3ZyAHwRiIlE2K7Fhe4,"2310 Kūhiō Ave., Honolulu, HI 96815, USA","{'language': 'en', 'overview': 'Guests order at the counter at this casual Japanese restaurant specializing in noodle soup.'}",restaurant,4.5,1,21.2796528,-157.8258444,Honolulu,Hawaii,United States
McDonald's,ChIJCw2rhA1mAHwRPtiF8QlWqSs,"1131 Kuala St Walmart, Pearl City, HI 96782, USA","{'language': 'en', 'overview': 'Classic, long-running fast-food chain known for its burgers & fries.'}",restaurant,3.8,1,21.3976704,-157.9747896,Pearl City,Hawaii,United States
Consolidated Theatres Mililani with TITAN LUXE,ChIJy59i1g5nAHwR8iR_ZSwJNNQ,"95-1249 Meheula Pkwy Suite 173, Mililani, HI 96789, USA","{'language': 'en', 'overview': 'Local cinema chain founded in 1917 featuring first-run films, 3D capabilities & bargain matinees.'}",restaurant,4.3,,21.4524134,-158.0059603,Mililani,Hawaii,United States
Panda Express,ChIJb4ZEeYoSAHwR-O4rCJR-GQc,"333 Keahole St #2c1, Honolulu, HI 96825, USA","{'language': 'en', 'overview': 'Fast-food chain for Chinese standards, including some health-conscious options.'}",restaurant,4.1,1,21.2831924,-157.7109756,Honolulu,Hawaii,United States
Mariposa,ChIJcWKjRfBtAHwRGIuqPq-Ql5I,"1450 Ala Moana Blvd Level Three, Honolulu, HI 96814, USA","{'language': 'en', 'overview': 'Elegant Neiman Marcus bistro featuring New American fare, plus lanai seating with ocean views.'}",restaurant,4.2,3,21.2903397,-157.843928,Honolulu,Hawaii,United States
Rock Island Cafe,ChIJ0ejbWXZyAHwRm719cMspLnA,"1911 Kalākaua Ave, Honolulu, HI 96815, USA","{'language': 'en', 'overview': 'Colorful, 1950s-themed American restaurant & soda fountain selling Elvis & Marilyn collectibles.'}",restaurant,4.4,2,21.2865775,-157.8337385,Honolulu,Hawaii,United States
Dave & Buster's Honolulu,ChIJQZZ5Kf1tAHwRIb8KuYbs43Q,"1030 Auahi St, Honolulu, HI 96814, USA","{'language': 'en', 'overview': 'Family-friendly chain offering a sports-bar-style setting for American food & arcade games.'}",restaurant,4.2,2,21.2944651,-157.8541109,Honolulu,Hawaii,United States
Zippy's Makiki,ChIJF5a6x-htAHwRcKC7kzEWodU,"1222 S King St, Honolulu, HI 96814, USA","{'language': 'en', 'overview': 'Hawaiian casual dining chain known for its stews, chili & other comfort-food dishes.'}",restaurant,4.2,2,21.2997941,-157.8433325,Honolulu,Hawaii,United States
RumFire,ChIJiS0BpXVyAHwRF0LyWnKf2O8,"2255 Kalākaua Ave, Honolulu, HI 96815, USA","{'language': 'en', 'overview': ""The Sheraton's posh, beachside lounge known for unique cocktails, comfort food & coveted fire pits.""}",restaurant,4.2,2,21.2771047,-157.8302186,Honolulu,Hawaii,United States
Buffalo Wild Wings,ChIJzdJ1PvRtAHwR3SsqGlEloO8,"1450 Ala Moana Blvd Unit #3326, Honolulu, HI 96814, USA","{'language': 'en', 'overview': 'Chain dishing up wings, tenders & burgers, plus sauces ranging from sweet to very spicy.'}",restaurant,3.6,2,21.2920388,-157.8426207,Honolulu,Hawaii,United States
Pacific Marina Inn,ChIJRzU4sVVuAHwRb47zX4bkyCQ,"2628 Waiwai Loop, Honolulu, HI 96819, USA","{'language': 'en', 'overview': 'Functional lodging with free Wi-Fi & an airport shuttle, plus a bar & an outdoor pool.'}",lodging,3.3,,21.3322493,-157.9006765,Honolulu,Hawaii,United States
Best Western The Plaza Hotel Honolulu Airport,ChIJd0UB06lvAHwRZ131j2NndB8,"3253 N Nimitz Hwy, Honolulu, HI 96819, USA","{'language': 'en', 'overview': 'Laid-back property featuring an outdoor pool & a free airport shuttle, plus breakfast.'}",lodging,3.8,,21.3362399,-157.9131468,Honolulu,Hawaii,United States
Aston at the Executive Centre Hotel,ChIJx76L8HRuAHwRt5hZrHS-mUw,"1088 Bishop St, Honolulu, HI 96813, USA","{'language': 'en', 'overview': 'Airy suites with whirlpool tubs in a modern hotel with an outdoor pool & a fusion restaurant.'}",lodging,4.0,,21.3093567,-157.8608558,Honolulu,Hawaii,United States
Ala Moana Honolulu by Mantra,ChIJYUc8hPFtAHwRj58jhrBaiwY,"410 Atkinson Dr, Honolulu, HI 96814, USA","{'language': 'en', 'overview': 'Relaxed hotel with breezy rooms & ocean views, plus an outdoor pool, restaurants & a nightclub.'}",lodging,4.1,,21.2902916,-157.8395966,Honolulu,Hawaii,United States
The Equus,ChIJqQYAAvRtAHwRGBmXvyIQbpA,"1696 Ala Moana Blvd, Honolulu, HI 96815, USA","{'language': 'en', 'overview': 'Warm, horse-themed hotel with rustic-chic quarters, plus a plunge pool, a terrace & a lounge/bar.'}",lodging,3.9,,21.2865403,-157.8392312,Honolulu,Hawaii,United States
Hilton Vacation Club The Modern Honolulu,ChIJY4vEJvRtAHwRrQ0ZoXvnpK4,"1775 Ala Moana Blvd, Honolulu, HI 96815, USA","{'language': 'en', 'overview': 'Contemporary, harborfront resort featuring sleek rooms, several restaurants & a pair of pools.'}",lodging,4.0,,21.2849832,-157.8390632,Honolulu,Hawaii,United States
Ilikai Hotel & Luxury Suites,ChIJ37csLPRtAHwRkJKT-pg3HoA,"1777 Ala Moana Blvd, Honolulu, HI 96815, USA","{'language': 'en', 'overview': 'Upmarket, harborfront hotel offering outdoor pools, plus a rooftop Italian restaurant.'}",lodging,4.3,,21.2845059,-157.8385364,Honolulu,Hawaii,United States
Waikiki Marina Resort at the Ilikai,ChIJa3fuL_RtAHwRTJoQCQm-dMg,"1777 Ala Moana Blvd Ste 212, Honolulu, HI 96815, USA","{'language': 'en', 'overview': 'Refined studios with free Wi-Fi, balconies & kitchens in a high-rise featuring a pool & dining.'}",lodging,4.3,,21.2841355,-157.8383958,Honolulu,Hawaii,United States
Hilton Hawaiian Village Waikiki Beach Resort,ChIJNyh1DvVtAHwRMEI89WJMUrE,"2005 Kālia Rd, Honolulu, HI 96815, USA","{'language': 'en', 'overview': 'High-rise lodging on a sprawling beachfront property, with a spa, restaurants & activities.'}",lodging,4.2,,21.282395,-157.837535,Honolulu,Hawaii,United States
Aqua Palms Waikiki,ChIJTak4XPRtAHwRstW9tbGhtos,"1850 Ala Moana Blvd, Honolulu, HI 96815, USA","{'language': 'en', 'overview': 'Casual quarters with tropical decor in a hotel with a rooftop pool, an exercise room & a restaurant.'}",lodging,3.9,,21.2848526,-157.8365953,Honolulu,Hawaii,United States
DoubleTree by Hilton Alana - Waikiki Beach,ChIJ3akfpfRtAHwRKkLyTB-jxTw,"1956 Ala Moana Blvd, Honolulu, HI 96815, USA","{'language': 'en', 'overview': ""Modern hotel 8 minutes' walk from the beach, featuring private balconies & outdoor pool.""}",lodging,3.9,,21.28572789999999,-157.834027,Honolulu,Hawaii,United States
Luana Waikiki Hotel & Suites,ChIJx7vuO4ttAHwRdX2I9x4AYNw,"2045 Kalākaua Ave, Honolulu, HI 96815, USA","{'language': 'en', 'overview': 'Airy rooms & suites with private lanais in a laid-back hotel featuring a gym & an outdoor pool.'}",lodging,4.2,,21.2837066,-157.8320923,Honolulu,Hawaii,United States
OUTRIGGER Reef Waikiki Beach Resort,ChIJ97z1OXVyAHwRlyK64DnYVhc,"2169 Kālia Rd, Honolulu, HI 96815, USA","{'language': 'en', 'overview': 'Relaxed beachfront lodging with an outdoor pool, a spa & 2 restaurants, plus nightly Hawaiian music.'}",lodging,4.4,,21.2785231,-157.83267,Honolulu,Hawaii,United States
Embassy Suites by Hilton Waikiki Beach Walk,ChIJcUYoZHVyAHwR5_0ak60q6IY,"201 Beach Walk, Honolulu, HI 96815, USA","{'language': 'en', 'overview': 'Relaxed all-suite lodging offering free hot breakfast & Wi-Fi, plus an outdoor pool with a sundeck.'}",lodging,4.4,,21.2793123,-157.8316594,Honolulu,Hawaii,United States
Halekulani Hotel,ChIJJVGzGXVyAHwRI2_9brEI5UU,"2199 Kālia Rd, Honolulu, HI 96815, USA","{'language': 'en', 'overview': 'Airy quarters in a refined hotel with ocean views & 3 restaurants, plus an outdoor pool & a spa.'}",lodging,4.7,,21.2782572,-157.831802,Honolulu,Hawaii,United States
"Holiday Inn Express Waikiki, an IHG Hotel",ChIJV9T7EIttAHwRGPQ0JVSIRc8,"2058 Kūhiō Ave., Honolulu, HI 96815, USA","{'language': 'en', 'overview': 'Modern hotel in high-rise building with bright rooms, some with ocean views, plus a hot tub & pool.'}",lodging,3.9,,21.2838355,-157.8308206,Honolulu,Hawaii,United States
Club Wyndham at Waikiki Beach Walk,ChIJQZ-aPXVyAHwRMFsVe1YxMvI,"227 Lewers St, Honolulu, HI 96815, USA",,lodging,4.3,,21.2791668,-157.8309162,Honolulu,Hawaii,United States
Club Wyndham Royal Garden at Waikiki,ChIJNYain4ttAHwRadYCpuYPzNw,"440 ʻOlohana St, Honolulu, HI 96815, USA","{'language': 'en', 'overview': 'Understated hotel featuring an outdoor pool & a garden, plus BBQs, a sauna & free Wi-Fi.'}",lodging,4.3,,21.2845232,-157.8301056,Honolulu,Hawaii,United States
Sheraton Waikiki Beach Resort,ChIJSfGt_nRyAHwRPiuBUWhmFws,"2255 Kalākaua Ave, Honolulu, HI 96815, USA","{'language': 'en', 'overview': 'Colorful rooms in a polished beach property with an infinity pool, a spa & 4 restaurants.'}",lodging,4.4,3,21.2782408,-157.829903,Honolulu,Hawaii,United States
"The Royal Hawaiian, a Luxury Collection Resort, Waikiki",ChIJy6_Yk3VyAHwRyPUq5FiSeLk,"2259 Kalākaua Ave, Honolulu, HI 96815, USA","{'language': 'en', 'overview': 'Polished 1927 beachfront resort offering dining options, multiple outdoor pools & a spa.'}",lodging,4.5,,21.2774784,-157.8292846,Honolulu,Hawaii,United States
Waikiki Malia,ChIJ2coYFIptAHwRhS4yg0zAy6o,"2211 Kūhiō Ave., Honolulu, HI 96815, USA","{'language': 'en', 'overview': 'Functional rooms with minifridges & private lanais, plus a sundeck, a pool & multiple restaurants.'}",lodging,4.0,,21.2810532,-157.8282744,Honolulu,Hawaii,United States
Courtyard Waikiki Beach,ChIJW9UvPYptAHwRXxTT5K2aCE8,"400 Royal Hawaiian Ave, Honolulu, HI 96815, USA","{'language': 'en', 'overview': 'Laid-back hotel featuring indoor & outdoor pools, a spa & a gym, plus Italian dining & a bar.'}",lodging,3.7,,21.2813093,-157.8279188,Honolulu,Hawaii,United States
OUTRIGGER Waikiki Beachcomber Hotel,ChIJewbK33VyAHwRey3xkDc90LQ,"2300 Kalākaua Ave, Honolulu, HI 96815, USA","{'language': 'en', 'overview': 'Modern lodging with tropical decor & an outdoor pool, plus dining & a fitness center.'}",lodging,4.3,,21.2784163,-157.8273135,Honolulu,Hawaii,United States
"Moana Surfrider, A Westin Resort & Spa, Waikiki Beach",ChIJzyVahnZyAHwRSexvrM_P95g,"2365 Kalākaua Ave, Honolulu, HI 96815, USA","{'language': 'en', 'overview': 'Polished oceanfront hotel dating from 1901, offering a spa, refined dining & an outdoor pool.'}",lodging,4.5,,21.2765498,-157.8266319,Honolulu,Hawaii,United States
Aqua Skyline Hotel at Island Colony,ChIJTbaMlYltAHwRBpfAqMna7b4,"445 Seaside Ave Ste 3C, Honolulu, HI 96815, USA","{'language': 'en', 'overview': 'High-rise hotel offering stylish studios & suites with kitchenettes & Wi-Fi, plus a pool.'}",lodging,3.7,,21.2810052,-157.8257428,Honolulu,Hawaii,United States
Kuhio Banyan Club,ChIJrRngH3ZyAHwRJHqe56_cxJY,"2310 Kūhiō Ave. #140, Honolulu, HI 96815, USA","{'language': 'en', 'overview': 'Straightforward rooms with kitchenettes in an no-nonsense hotel offering beach gear.'}",lodging,3.2,,21.2795858,-157.8257541,Honolulu,Hawaii,United States
White Sands Hotel,ChIJKXeXwoltAHwRiF9WjqEu9yM,"431 Nohonani St, Honolulu, HI 96815, USA","{'language': 'en', 'overview': 'Straightforward quarters with private balconies, plus a courtyard & an outdoor pool.'}",lodging,3.8,,21.2801606,-157.8255682,Honolulu,Hawaii,United States
Ilima Hotel,ChIJ09nQw4ltAHwR2ML0eoQl5Mw,"445 Nohonani St, Honolulu, HI 96815, USA","{'language': 'en', 'overview': 'Low-key condo hotel with units featuring  full kitchens & lanais, plus a pool & rooftop sundecks.'}",lodging,4.3,,21.2803865,-157.8253474,Honolulu,Hawaii,United States
Sheraton Princess Kaiulani,ChIJlwmsX3ZyAHwRGmQs1L-l08Y,"120 Kaʻiulani Ave, Honolulu, HI 96815, USA","{'language': 'en', 'overview': 'Modern resort with an open-air buffet restaurant, plus an outdoor pool, a gym & free Wi-Fi.'}",lodging,3.9,2,21.2770073,-157.825715,Honolulu,Hawaii,United States
Hyatt Regency Waikiki Beach Resort and Spa,ChIJ7W9Vi3ZyAHwRHBKlEEKi3EY,"2424 Kalākaua Ave, Honolulu, HI 96815, USA","{'language': 'en', 'overview': 'Polished beachfront resort with 2 restaurants & a luxe spa, plus an outdoor pool with a bar.'}",lodging,4.3,,21.2760834,-157.8253554,Honolulu,Hawaii,United States
OUTRIGGER Waikīkī Paradise Hotel (formerly OHANA Waikiki East),ChIJr7i0R3ZyAHwRvf2hMFdi-Rg,"150 Kaʻiulani Ave, Honolulu, HI 96815, USA","{'language': 'en', 'overview': 'Casual rooms & suites in a tropical lodging with an outdoor pool, laid-back eateries & a game room.'}",lodging,4.0,,21.2778638,-157.8249928,Honolulu,Hawaii,United States
Stay Hotel Waikiki,ChIJ_8Ru93ZyAHwRNefWEtOB370,"2424 Koa Ave, Honolulu, HI 96815, USA","{'language': 'en', 'overview': 'Casual hotel offering modern rooms & Wi-Fi, plus a stylish lounge, a restaurant & breakfast.'}",lodging,3.5,,21.276203,-157.8245508,Honolulu,Hawaii,United States
Aqua Aloha Surf Waikiki Hotel,ChIJ2bEJ13dyAHwRAe1i_jf7OMM,"444 Kānekapōlei St, Honolulu, HI 96815, USA","{'language': 'en', 'overview': 'Laid-back destination featuring surf decor, as well as an outdoor pool & a BBQ area.'}",lodging,3.4,,21.2790597,-157.8235955,Honolulu,Hawaii,United States
Pacific Monarch Hotel,ChIJ1REPqndyAHwRsw-l4Is4EXk,"2427 Kūhiō Ave., Honolulu, HI 96815, USA","{'language': 'en', 'overview': 'Relaxed, all-suite hotel offering a rooftop pool with ocean views, plus a Japanese cafe.'}",lodging,4.0,,21.27637919999999,-157.8238976,Honolulu,Hawaii,United States
Aston Waikiki Circle Hotel,ChIJqbtt33ZyAHwR1oUoA_Kj280,"2464 Kalākaua Ave, Honolulu, HI 96815, USA","{'language': 'en', 'overview': 'Bright rooms with private balconies in a straightforward hotel set opposite a beach.'}",lodging,4.1,,21.2749118,-157.8241351,Honolulu,Hawaii,United States
Waikiki Resort Hotel,ChIJIdBBGXdyAHwRzEIy5b8E7bI,"2460 Koa Ave, Honolulu, HI 96815, USA","{'language': 'en', 'overview': 'Understated rooms & suites, some offering ocean views, plus 2 restaurants & an outdoor pool.'}",lodging,3.9,,21.2754496,-157.8235953,Honolulu,Hawaii,United States
‘Alohilani Resort Waikiki Beach,ChIJSUFT-_gOVHkRgGh5rZLyBgw,"2490 Kalākaua Ave, Honolulu, HI 96815, USA","{'language': 'en', 'overview': 'Upmarket hotel offering restaurants & bars, plus tennis courts, an outdoor pool & an aquarium.'}",lodging,4.2,,21.2747071,-157.8233668,Honolulu,Hawaii,United States
Waikiki Beach Marriott Resort & Spa,ChIJOyZOz3ByAHwRG_Deghah7xc,"2552 Kalākaua Ave, Honolulu, HI 96815, USA","{'language': 'en', 'overview': 'Breezy resort set in 2 high-rise towers, with 5 restaurants, 2 outdoor pools & a spa.'}",lodging,4.3,3,21.2733659,-157.8225003,Honolulu,Hawaii,United States
The Twin Fin Hotel,ChIJpeekwXByAHwRTSwnqwSxXqo,"2570 Kalākaua Ave, Honolulu, HI 96815, USA","{'language': 'en', 'overview': 'Bright rooms, some with ocean views, in a high-rise hotel with open-air dining & live entertainment.'}",lodging,4.1,,21.2725334,-157.822647,Honolulu,Hawaii,United States
Hotel Renew,ChIJwx6usHByAHwR2apyJC4yv1U,"129 Paoakalani Ave, Honolulu, HI 96815, USA","{'language': 'en', 'overview': 'Chic hotel offering polished rooms, some with ocean views, plus beach gear & Wi-Fi.'}",lodging,4.1,,21.272804,-157.8222424,Honolulu,Hawaii,United States
Park Shore Waikiki Hotel,ChIJ0zgno3ByAHwRFn5oZHEdBVE,"2586 Kalākaua Ave, Honolulu, HI 96815, USA","{'language': 'en', 'overview': 'Contemporary high-rise with Diamond Head Monument views, plus a pool, live music & in-room massages.'}",lodging,4.2,,21.2718284,-157.8223387,Honolulu,Hawaii,United States
Aston at the Waikiki Banyan,ChIJD-JvYHdyAHwRbYkIqy6y2no,"201 ʻŌhua Ave, Honolulu, HI 96815, USA","{'language': 'en', 'overview': 'Casual suites with kitchens & lanais in a resort hotel with an outdoor pool, sports courts & a cafe.'}",lodging,3.9,,21.274426,-157.8214405,Honolulu,Hawaii,United States
Hyatt Place Waikiki Beach,ChIJowvqU3dyAHwR3rk9SaOuESI,"175 Paoakalani Ave, Honolulu, HI 96815, USA","{'language': 'en', 'overview': 'Contemporary lodging offering a 24/7 cafe/bar, a fitness center & an outdoor pool.'}",lodging,4.2,,21.2733927,-157.8215039,Honolulu,Hawaii,United States
Ewa Hotel Waikiki,ChIJYWAspnByAHwRpElC-l4vuBg,"2555 Cartwright Rd, Honolulu, HI 96815, USA","{'language': 'en', 'overview': 'Low-key rooms & suites with minifridges in a casual property featuring a rooftop sundeck.'}",lodging,3.4,,21.2728734,-157.8214769,Honolulu,Hawaii,United States
Queen Kapiʻolani Hotel Waikīkī Beach,ChIJiQiGCnpyAHwRSb5e8f3XW4A,"150 Kapahulu Ave, Honolulu, HI 96815, USA","{'language': 'en', 'overview': 'Polished hotel with flat-screen TVs & free Wi-Fi, plus a poolside cocktail bar, a cafe & a spa.'}",lodging,4.0,,21.27184459999999,-157.8211401,Honolulu,Hawaii,United States
Aston Waikiki Sunset,ChIJp5Vl73lyAHwRD3FAmzGTA9Y,"229 Paoakalani Ave, Honolulu, HI 96815, USA","{'language': 'en', 'overview': 'Casual suites with kitchens & balconies in a resort with an outdoor pool, a picnic area & tennis.'}",lodging,3.9,,21.2743592,-157.8205391,Honolulu,Hawaii,United States
Kaimana Beach Hotel,ChIJY0Z_YG9yAHwRcOW16Ge9T3o,"2863 Kalākaua Ave, Honolulu, HI 96815, USA","{'language': 'en', 'overview': 'Airy rooms with private balconies & free Wi-Fi, plus 3 restaurants & beach access.'}",lodging,4.4,,21.26326569999999,-157.8211603,Honolulu,Hawaii,United States
Paradise Bay Resort,ChIJbchYNXVqAHwRLO1TzJVviAs,"47-039 Lihikai Dr, Kaneohe, HI 96744, USA","{'language': 'en', 'overview': 'Bayside resort featuring island-influenced suites & cottages, plus a pool, yoga & water sports.'}",lodging,4.2,,21.4603927,-157.8333915,Kaneohe,Hawaii,United States
Airport Honolulu Hotel,ChIJgYwc8advAHwRnS0CTS0s00I,"3401 N Nimitz Hwy, Honolulu, HI 96819, USA","{'language': 'en', 'overview': 'Low-key rooms in a simple property with a restaurant, an outdoor pool & a free airport shuttle.'}",lodging,3.8,,21.3371629,-157.9180897,Honolulu,Hawaii,United States
Hilton Grand Vacations Club Grand Waikikian Honolulu,ChIJke0ExfVtAHwR-emc1Ve6c1Y,"1811 Ala Moana Blvd, Honolulu, HI 96815, USA","{'language': 'en', 'overview': 'Elegant suites, some with ocean views, in a posh beachfront hotel offering a spa, pools & dining.'}",lodging,4.4,,21.284111,-157.8373602,Honolulu,Hawaii,United States
Ramada Plaza by Wyndham Waikiki,ChIJqfYeQ_RtAHwRAn9rpMNBbm4,"1830 Ala Moana Blvd, Honolulu, HI 96815, USA","{'language': 'en', 'overview': 'Warm quarters, some with balconies, in a casual hotel offering free Wi-Fi, plus a pool & dining.'}",lodging,4.0,,21.2851894,-157.8370917,Honolulu,Hawaii,United States
BackPackers Hawaii,ChIJtUOHZJFZAHwRk-uS2v-Kopc,"59-788 Kamehameha Hwy, Haleiwa, HI 96712, USA","{'language': 'en', 'overview': 'Beachside hostel spread over 4 buildings featuring simple rooms, dorms & cabins, plus free WiFi.'}",lodging,3.8,,21.64488309999999,-158.0634136,Haleiwa,Hawaii,United States
Pagoda Hotel,ChIJswzvZu5tAHwRNJD7UYOhlOM,"1525 Rycroft St, Honolulu, HI 96814, USA","{'language': 'en', 'overview': 'Casual lodging with a pool & a local shuttle, plus a koi pond & a floating Asian-fusion restaurant.'}",lodging,3.8,,21.2956284,-157.840381,Honolulu,Hawaii,United States
"The Polynesian Residences, Waikiki Beach",ChIJOdNUjIptAHwRaHLf922he4w,"2131 Kalākaua Ave #2, Honolulu, HI 96815, USA","{'language': 'en', 'overview': 'Unfussy studios & suites with balconies in a relaxed property offering an outdoor pool.'}",lodging,3.9,,21.2814702,-157.8307351,Honolulu,Hawaii,United States
"The Ritz-Carlton O‘ahu, Turtle Bay",ChIJGWTp4U9QAHwR7Atcf4v26B4,"57-091 Kamehameha Hwy, Kahuku, HI 96731, USA","{'language': 'en', 'overview': 'Polished tropical resort offering 2 pools & 2 golf courses, plus 7 restaurants & bars.'}",lodging,4.5,3,21.7009656,-157.9880111,Kahuku,Hawaii,United States
Waikiki Beachside Hostel,ChIJ9xkgpXByAHwRnf2CzP39huk,"2556 Lemon Rd, Honolulu, HI 96815, USA","{'language': 'en', 'overview': 'Relaxed hostel by Waikiki Beach offering simple dorms & private rooms, plus free breakfast & Wi-Fi.'}",lodging,3.7,,21.2728081,-157.8218857,Honolulu,Hawaii,United States
Regency on Beachwalk Waikiki by OUTRIGGER,ChIJowc-Y3VyAHwRRG2DBjSEcy4,"255 Beach Walk, Honolulu, HI 96815, USA",,lodging,4.2,,21.280057,-157.8309039,Honolulu,Hawaii,United States
Aston Waikiki Beach Tower,ChIJV3d82HZyAHwRUL0Xkw0IlZk,"2470 Kalākaua Ave, Honolulu, HI 96815, USA","{'language': 'en', 'overview': 'High-rise offering classically decorated condos with sea views, plus an outdoor pool & a hot tub.'}",lodging,4.6,,21.274921,-157.823799,Honolulu,Hawaii,United States
Castle Waikiki Shore,ChIJI4jo0gpyAHwRIpa66_59Vnc,"2161 Kālia Rd, Honolulu, HI 96815, USA",,lodging,4.1,,21.2783767,-157.8331436,Honolulu,Hawaii,United States
Waikīkī Grand Hotel®,ChIJ58CUmHByAHwRP4uOiiUAwkQ,"134 Kapahulu Ave, Honolulu, HI 96815, USA","{'language': 'en', 'overview': 'Casual hotel with bright rooms, an outdoor pool, dining & a nightclub, plus free Wi-Fi.'}",lodging,3.9,,21.271864,-157.821717,Honolulu,Hawaii,United States
